{
  "Category_Details" : {
    "transaction" : "Category_Details",
    "sampleCount" : 15,
    "errorCount" : 1,
    "errorPct" : 6.6666665,
    "meanResTime" : 836.2000000000002,
    "medianResTime" : 596.0,
    "minResTime" : 500.0,
    "maxResTime" : 2159.0,
    "pct1ResTime" : 1840.4,
    "pct2ResTime" : 2159.0,
    "pct3ResTime" : 2159.0,
    "throughput" : 0.23829570908859835,
    "receivedKBytesPerSec" : 0.6537928237247208,
    "sentKBytesPerSec" : 0.039328100425755
  },
  "Total" : {
    "transaction" : "Total",
    "sampleCount" : 15,
    "errorCount" : 1,
    "errorPct" : 6.6666665,
    "meanResTime" : 836.2000000000002,
    "medianResTime" : 596.0,
    "minResTime" : 500.0,
    "maxResTime" : 2159.0,
    "pct1ResTime" : 1840.4,
    "pct2ResTime" : 2159.0,
    "pct3ResTime" : 2159.0,
    "throughput" : 0.23829570908859835,
    "receivedKBytesPerSec" : 0.6537928237247208,
    "sentKBytesPerSec" : 0.039328100425755
  }
}